Sydney Bush,12751868F,1961
Boris Pace,34821480Q,1993
Noble Potts,31371729G,1947
Daquan Gordon,19179638X,1908
Forrest Patterson,87921778G,1992
Caleb Gillespie,66680585J,1955
Ronan Sharpe,17362166L,1926
Nathan Ramirez,36545178T,1990
Leonard Gibson,82261645P,2000
Dante Frye,62331743A,1959
Elaine Moran,66838891N,1997
Ronan Koch,88517273Q,1922
Katell Cortez,14883505B,2009
Ciara Barron,87426415P,1967
Odette Larsen,25188563R,1910
Hamilton Holcomb,41425372S,1991
Christopher Parker,12273502S,1911
Arthur Carver,35584540S,1908
Lyle Livingston,37876114E,2000
Hiram Carson,88266827F,1904
Leila Solomon,10372471O,2020
Tanya Snyder,03715751I,2005
Alma Aguilar,69305322J,1914
Alfonso Sargent,46787668P,2007
Evangeline Cabrera,77498811Q,1937
Arden Pratt,32714088F,2010
Amity Dejesus,21265577J,1935
Sharon Combs,11512536W,1951
Samuel Meyers,38374415T,1944
Illana Herrera,35368745O,1915
Ray Weeks,61936977L,1921
Yoshio Weaver,76685213Y,2014
Armand Mcleod,22201062K,1955
Violet Clemons,74383880F,1985
Paul Alexander,57811811L,1987
Hedda Ferrell,08157087H,1942
Lavinia Merrill,21364173A,1971
Kareem Holden,41697431U,1927
Edward Avila,45154852N,1973
Vera Yang,71678581K,1905
Jesse Hull,67635637T,2010
Stacy Freeman,26926651R,1978
Cailin Farmer,61375975M,1980
Kevyn Brown,48017516E,2008
Porter Davidson,76873485Q,1927
Aurelia Chandler,42881114K,1996
August Hunt,78121672P,1968
Lucian Hale,72466096I,1936
Gil Martinez,18716418S,1942
Aileen Romero,04158565U,1906
Caryn Pugh,87349085C,1944
Zephr Miller,87673565G,1943
Amal Greer,57963044D,2013
Anastasia Delaney,18689001I,1910
Iris Cole,98630582Q,1923
Violet Mills,65464557V,1948
Regan French,48654532M,1966
Paula Luna,82984821F,1933
Cain Morrison,15332949L,2000
Sasha Orr,37433581Q,1998
Brooke Gardner,50727524I,1937
Caesar Knight,36698511P,1925
Marcia Barber,12585467P,1919
Lysandra Boone,78431583O,1941
Hilary Guerrero,24103474P,1930
Wynne Kane,57898246N,1961
Ursa Greer,16776896G,1950
Malachi Crawford,58404446W,1927
Colorado Kelley,23383140W,2013
Ebony Garrett,34468475F,1961
Delilah Keller,49218931X,1931
Barry Delaney,84765954D,1922
Serena Bridges,64808937K,1971
Nash Kent,28384254T,1959
Allegra Hernandez,28678776Z,1917
Sade Nguyen,56827560X,1901
Libby Palmer,35058355Z,1989
Vladimir Carson,53706560D,1947
Kai Parks,69772984D,1991
Victor Rocha,88818972F,1956
Gannon Rodriquez,04472477N,1972
Odysseus Justice,61437722L,1955
Elmo Pace,87018211R,2006
Jerry Schwartz,49214074C,1953
Quentin Spence,43694334V,1943
Arsenio Blake,77820412L,1963
Omar Crane,56708792T,1957
Deanna Mcdaniel,65188237C,1927
Ashton Ruiz,35513986B,1971
Davis Spencer,14513636W,1952
Boris Shepard,47567486G,1910
Jacqueline Whitley,42567232W,1933
Hammett Rosario,65789652T,1929
Sage Owen,41128227I,1924
Flynn Caldwell,55403760Y,1981
Bruno Cruz,61568744K,1997
Germane Wilcox,27743478G,1904
Mechelle Manning,16137635R,1995
Sade Mcmahon,04305241D,1958
Prescott Orr,65880327I,2007
Nigel Velasquez,35888867U,1955
Yoshi Kramer,64892177Y,1973
Derek Vaughn,20593066Y,1945
Callum Lester,95156565Y,1907
Maggy Robinson,08431365E,1990
Maia Rollins,20768347Q,1950
Jason Gardner,87116635C,1929
Lance Callahan,75173255P,1983
Eugenia Merritt,41935009W,1984
Trevor Bauer,87768048X,1986
Noah Blake,15605336P,1946
Burton Maldonado,35829255Y,1978
Lars Washington,50543523L,1930
Joshua Walters,04142917Z,2004
Nash Summers,69485821H,1979
Burke Peters,41586717D,1922
Marah Larsen,02521023M,1942
Isadora Mueller,36884651X,1991
Alexandra Ball,27208568T,1989
Dylan Reynolds,38372658S,1991
Sheila Gould,52419638M,1948
Rigel Fletcher,19753218A,1967
Maya Beck,24467731D,1948
Beck Chaney,52977146Y,2016
Charity Dale,35936871L,1988
Eve Davidson,82436564U,1940
Edward Wright,55677387K,1929
Perry Sanders,67704367U,1979
Stacey Atkinson,94724689U,1985
Kai Gray,85046437X,1936
Hayden Mcfadden,44378374L,1906
Sigourney Head,18483417P,1956
Laurel Lott,76096148I,1924
Theodore Campbell,21052878A,1945
Benedict Perkins,27926118H,2002
Quinn Hines,17877982Z,1980
Leonard Pearson,11864875V,1989
Imelda Rodriquez,37668579G,1993
Kelly Thompson,63617382P,1930
Angelica Giles,38751310K,2011
Phyllis Hayes,13882585U,2019
Kessie Lawrence,26471379I,1978
Gwendolyn Travis,27455650O,1932
Germane Walls,32288169F,1910
Vincent Hood,45738686N,2015
Armando Mclean,43348092I,1915
Ryder Lamb,76686104N,1970
Mohammad Lowe,50892046W,2008
Jack Bean,41758112D,1927
Halee Goodwin,64248873J,1937
Charles Giles,53185554E,1930
Jesse Rodriguez,63192825J,1943
Donovan Colon,16375798X,1985
Gil Fuentes,76730444Q,1906
Demetria Cunningham,39881718U,1910
Fulton Horn,66191214G,1937
Rinah Glover,12653517N,1939
Reuben Forbes,89463657F,1947
Quon Pearson,37378229K,1925
Shaeleigh Nguyen,81868667F,1910
Kato Brewer,76748371D,1953
Martha Hodge,16282226P,1992
Brynne Gonzalez,21734827T,1994
Cameron Matthews,36068748A,1977
Luke Carey,56351782R,1908
Ursula Pennington,88127015Y,1986
Tanner Dunlap,85816227Q,1993
Irma Collins,27593248Q,1903
Kaitlin Delgado,31890186Q,1926
Cedric Dalton,62874692C,1993
Gary Reeves,82785216G,1929
Indira Oneal,17544797G,1992
Garth Harris,47788154P,2007
Brittany Pace,12474573Y,2010
Dustin Perkins,33864126G,1949
Clio Kim,38475138A,1971
Levi Reyes,00571116L,1992
Gary Roman,12771541O,1936
Tasha Grimes,19581846G,1965
Louis Nguyen,23260216P,1904
Jonah Sanford,67220834C,1937
Phyllis Hayes,05240767N,1996
Nell Carrillo,83428866K,1995
Asher Sparks,78233736G,2008
Quin Lawson,32417533B,1963
Tarik Griffin,75220383K,1970
Lucy Padilla,14486259T,1988
Cadman Mcdowell,88827063B,1946
Illana Gibbs,07527592N,1981
Chelsea Medina,64678414Y,1965
Camden Oneil,32255820I,2007
Keelie Gonzales,21552121L,1923
Kylee Duke,63353772S,1930
Signe Parker,50494276P,1956
Ivy Olsen,25673783E,1974
Armando Stokes,31652855I,1952
Jack Harding,72872048N,2014
Danielle Stephenson,23573429M,1919
Emmanuel Saunders,82816746I,1998
Alea Leonard,38031837I,1921
Lars Fitzgerald,17133771P,1940
Daphne Duran,40278136I,2020
Karly Fox,80131715Z,1931
Scott Morales,57479680W,2010
Kenneth Campos,14163978N,1957
Quinn Mcleod,56423508Q,2015
Kasimir George,53330890L,1980
Fuller Boone,63485531V,1984
Perry Myers,53623674Q,1941
Keely Crosby,11436179M,1968
Hadley Grimes,44738117T,1989
Hiram Moran,31017953L,2017
Clarke Hurley,21291574P,1984
Penelope Ewing,58777664T,1934
Kellie Dodson,17847553A,2001
Summer Key,59191300B,2005
Jacqueline Noble,72767131H,1911
Dale Mcclain,51692265S,1902
Quinn Ingram,40405229D,1962
Eagan Beach,21658164N,1910
Driscoll Sheppard,78128903A,1922
Kennan Alvarado,32293273E,1953
Lana Prince,38256896U,1970
Clayton Ayala,04870732M,1987
Gail Schmidt,03894132S,1936
Quynn Vargas,77153322I,1991
Scarlett Randolph,39450641L,1948
Rhona Cohen,83351441V,1961
Maxine Williamson,74652688T,2011
Amir Bass,25878784Y,2021
Dillon Pena,38811321C,2016
Candice Gomez,06057615H,1910
Sean Walker,55614986Q,1932
Marsden Klein,76577493B,1986
Gannon Cline,93838934U,1997
Simone Wolfe,55002286T,1908
Jessamine Garrison,93317844I,1973
Judah Webb,33558633P,2011
Tanisha O'Neill,34531928U,1965
Lucius Benton,63471105K,2005
Leo Gibson,82918006W,1926
Alfonso Kidd,76598975F,1948
Scarlet Short,49533717J,1906
Baxter Gomez,36613774Z,1942
Mannix Weiss,56522747R,1956
Paula Petty,05683651O,1969
Olympia Walls,55760278R,2003
Russell Chen,67499236U,1992
Hadassah Stewart,65234572D,1955
Sonya Henry,50962731W,2002
Robert Dixon,52576907D,1901
Jessica Farmer,47616864H,1937
Hyacinth Fuentes,62523337O,1951
Lee Murray,18808614K,2005
Faith Knowles,85447207A,1913
Odette Zimmerman,27819323X,1956
Cody Brock,16492688V,1974
Bradley Mccarty,22277175D,1957
Echo Anthony,18939278U,1910
Nevada Kidd,46799283H,1998
Denton Donovan,68006060L,2001
Carlos Ramos,61172828C,2013
Bo Peck,43264603V,2018
Jillian Hendricks,41523877L,1997
James Hartman,80551213A,1969
Candice Gay,11686472I,1976
Isabella Knapp,66363318Q,2004
Hilda Trujillo,12118855P,2017
Jamal Greene,55455101T,1963
Carol Nicholson,27662879E,1935
Cassidy Kane,86663663V,1935
Rhoda Chaney,82214528O,2010
Avye Hawkins,11106667G,2012
Shannon Carpenter,01262428C,1907
Felix Douglas,75407102L,1934
Shafira Phillips,96241223J,1932
Karyn Gaines,42542562S,1926
Imani Gay,14031047J,1928
Mari Rogers,81865612G,2017
Madaline Mays,00764872Y,1907
Nelle Gomez,17164518S,1911
Rashad Irwin,31132643L,1939
Kuame Spence,44896317F,1905
Rhona Hammond,47185411H,1926
Riley Schultz,63811326M,1927
Brock Franklin,67747367B,2005
Kaye Duke,51523821O,1936
Aimee Bird,54645515X,2011
Cherokee Britt,38246743C,2012
Minerva Bolton,88992461G,1931
Tatyana Jackson,67732364T,1983
Lance Ryan,64345496P,1970
Judah Franks,82374154T,1954
Melodie Kent,94013860Y,1991
Catherine Webb,87141129V,2017
Karina Contreras,55844558C,1900
Illiana Valencia,65147105D,1937
Finn Jennings,46663796F,1987
Kadeem Callahan,75723453N,1935
Lance Clark,63624371J,1961
Daniel Mosley,15772813K,1902
Baker Rodriguez,47955747C,2017
Colby Phillips,77861254A,1941
Price Melendez,53826708S,1970
Brock Conrad,86092547G,1945
Kaitlin Macias,34124248R,1978
Tanek Trevino,72252457O,1976
Craig Merrill,28313553H,2017
Janna Castillo,38825284Y,1973
Adrienne Grant,96161542S,2009
Seth Mccray,56036045K,2011
Mark Ware,71450967U,1947
Jeremy Henderson,15574588U,1926
Kelsey Strong,58899347I,1934
Allegra Fitzgerald,14367055L,1917
Abra Moore,59786502V,1909
Miriam Boyle,36538294C,1977
Kimberley Garrett,44235267D,1999
Len Clements,82759537X,1949
Zephr Mckee,42921848F,2006
Shannon Stuart,35162347H,1950
Eliana Rosales,15001146U,1963
Asher Jacobson,56853714V,1936
Haley Ortiz,69188831G,1994
Victoria Savage,24233527W,2005
Vincent Travis,32488438H,1924
Eve Haley,02650543Z,1943
Amery Gould,60574801H,1905
Grady Byrd,81882314V,2016
Lacy Banks,83514314S,2019
Leilani Henderson,28965738O,1949
Charde Dodson,77506395F,1928
Boris Yang,65532795N,1978
Natalie Stout,38561803M,2017
Brett Walter,16355038M,1921
Azalia Fuentes,80515722I,2018
Alfonso Mason,39472512I,1978
Fatima Keith,55372728S,1961
Ila Bell,92136014C,1922
Aristotle Joseph,93724523F,1920
Wayne Hopper,10394536W,1969
Otto Weeks,12883874Q,2003
Nicole Kemp,77636411U,1944
Ferdinand Gonzalez,57528099M,2012
Isaac Johns,87664086G,2019
Bianca Hewitt,44044459N,1969
Ethan Ward,54503323W,1926
Colleen Daugherty,25174435G,1963
Velma Hickman,31216783S,1913
Linus Thomas,79210737X,1937
Shad West,31701413U,1941
Allistair Mcguire,33927425D,1970
Kieran Mcleod,42475461M,1962
Dolan Daniel,64521382X,1952
Clark Mcclure,79577477V,2001
Yoshi Navarro,54521282D,2003
Ayanna Tucker,69698339G,1955
Serena Mann,24165644N,1929
Chaim Logan,21400434G,1923
Alexis Phelps,59784655B,1985
Kameko Chan,38458661K,1920
Shaeleigh Shaffer,52444317Q,1994
Wanda Hull,85280439Q,1911
Forrest Harrington,28506960X,1944
Yoshi Hodges,57524074F,1970
Baker Moss,57624383C,1931
Lionel Cortez,24366726P,1906
Cadman Wilcox,20272608N,2008
Quintessa Burris,83515768B,1997
Conan White,78445240I,1906
Alfonso Rocha,24725587T,1980
Fuller Austin,93778306O,1908
Nita Lynn,34517530U,2013
Shafira Porter,18676503X,1904
Cody Roberts,16573445Y,1921
Stella Newman,44513353M,1969
Dominique Whitney,21768034R,1981
Davis Cross,55602573H,1992
Alden Herring,15786712I,1958
Maggie Russell,30370763N,1933
Shelby Saunders,63287874W,1972
Georgia Graham,63959344L,1941
Ariel Cabrera,84711158H,1995
Leo Johns,46738869G,1908
Xenos Woodward,38973965G,1935
Hilary Alexander,94378862W,1903
Hyatt Griffith,78107464B,1948
Doris Hogan,03417635F,1978
Hanae Guthrie,24493356C,2008
Jena Bishop,42332781Z,2005
Fitzgerald Phillips,45345621U,1936
Addison Jefferson,70478327D,1947
Latifah Cain,61193834Z,1912
Martena Craig,36502468S,2001
Brianna Mccormick,88420850Q,1947
Vincent Cooley,33386056H,1927
Jordan Barnes,11461434P,1922
Ferris Barker,87941128W,1908
Keegan Boyer,68458717V,1987
Penelope Castro,51580252Y,1976
Elton Kelley,44383256Q,2018
Tara Pope,95323075H,1939
Britanney Garza,22972842E,2006
Dexter Poole,37243932M,1917
Erin Whitehead,34737286K,1948
Jessamine Bean,51511617K,1925
Zeph Greene,21524334U,1943
Madaline Christian,26074044N,1911
Kelly Shaffer,32072061I,1991
Neil Sawyer,46775455T,1933
Oren Mccormick,77762918A,1924
Jasper Mcdonald,15322189J,1914
Brent Kent,11117510E,1917
Stephen Kim,90338212J,1911
Kay Delacruz,24778381D,2009
Peter Orr,51346908U,1907
Ross Craft,96747713X,1940
Brian Love,46797528H,2021
Claudia Norton,92642822B,2001
Kalia Stevenson,35856681E,2000
Finn Estes,02514171X,1935
Tanek Mcmillan,43258461E,1908
Lana Pearson,44818731J,1961
Hiroko Schmidt,46076576O,1931
Germane Larson,05127143A,1995
Oprah Strong,55023860R,1963
Ivor Carroll,55524511E,1989
Leslie Powell,37923116Y,1983
Byron Palmer,15652231W,1955
Phelan Gentry,82277480G,1996
Jameson Garner,12517364W,2014
Rudyard Parks,15856838M,2003
Gareth Patton,44818597C,1908
Maris Crawford,63318538Y,1968
Derek Bean,22663067S,2019
Britanney Marks,40512403P,2003
Laura Woodward,19335651R,1937
Salvador Smith,97332020F,1911
Justina Stuart,82816155A,1944
Athena Everett,22086263N,1929
Claire Hampton,42321121G,1992
Kylynn York,52185404B,1943
Maia Welch,12096287K,1906
Ariel Vincent,81058362T,1991
Kyle Tate,28357267L,1991
Belle Carroll,86913190T,1955
Linda Wise,52691741F,1934
Barrett Bowen,81840391Z,1911
Otto Houston,07159617T,1981
Brianna Jarvis,44811174O,1978
Darrel Schroeder,10288868F,1992
Lance Maynard,46783594G,1916
Alea Shaw,97576122A,2002
Gareth Cortez,27601866O,1908
Zahir Morrow,08845496W,1907
Cooper Maddox,65511527M,1920
Mia Leblanc,25271523D,1937
Daniel Estes,27471255D,1984
Medge Buchanan,54045016I,2000
Kellie Mcfarland,83522476V,1917
Jescie Andrews,51442081E,1984
Lareina Wade,58198624U,1973
Mercedes Head,18393266S,1984
Luke Forbes,64651551N,1925
Yetta Riddle,05325259C,1959
Brett Bridges,49664611L,1921
Caldwell Gibbs,23973364V,1959
Carissa Love,57331945X,2001
Kerry Jacobs,21532747M,1925
Stone Morrow,47579433F,1914
Dean Ayala,55495331X,1942
Ferris Langley,23885773Y,1997
Brendan Rivera,66497785T,1943
Alfreda Bryan,40974165A,1986
Clark Mack,88738139E,2003
Louis Sloan,68258822P,1967
Chaim Abbott,14551171R,2015
Malachi Holland,35263255L,1947
Delilah Warren,56614457T,1972
Lawrence Salazar,37871734H,1960
August Reyes,06771155N,2018
Eric Douglas,43773829P,1976
Ima Bennett,12315276R,1904
Keelie Marquez,16021838X,1900
Asher Petersen,52784846G,1964
Dane Pitts,13594995S,1931
Kirestin Mclaughlin,08517645W,1957
Dahlia Carroll,11650469Q,2006
Sonia Boyer,97829275I,1940
Maxwell Torres,19154385Y,1924
Damon Vang,24423388T,1915
Eric Day,45052191D,1945
Chester Hall,26638108S,1996
Honorato Faulkner,17466739N,1910
Irma Whitfield,70348482B,1934
Nell Bryant,88931847R,1997
Bruno Wilkerson,21688149J,1909
Alisa Pena,37224442U,2006
Madaline Tyson,38631010J,1984
Dominique Rodriquez,84406842T,1985